9611	methyllithium	CH3Li	22.0	917-54-4	[(-15.52, 1000.0, '1')]	[('A', -1.317)]	[(-526.24, -1.316, 1000.0), (-534.29, -1.336, 29.0), (-534.9, -1.338, 25.0)]	-15.52  1000      1<_newline_>	A            -1.317<_newline_>	<_newline_>   -526.24  -1.316   1000<_newline_>   -534.29  -1.336     29<_newline_>   -534.90  -1.338     25<_newline_>
932	methylamine hydrochloride	CH5N HCl	31.1	593-51-1	[(25.59, 1000.0, '1')]	[('D(A)', 2.614)]	[(784.2, 2.614, 1000.0)]	25.59  1000      1<_newline_>	D(A)         2.614<_newline_>	<_newline_>    784.20   2.614   1000<_newline_>
3767	methylamine sulfate	CH5N 1/2H2O4S	31.1	33689-83-7	[(25.57, 1000.0, '1')]	[('D(A)', 2.613)]	[(783.9, 2.613, 1000.0)]	25.57  1000      1<_newline_>	D(A)         2.613<_newline_>	<_newline_>    783.90   2.613   1000<_newline_>
3302	methanol	CH4O	32.0	67-56-1	[(50.05, 1000.0, '1')]	[('A', 3.66), ('B', 3.43)]	[(336.81, 3.761, 36.0), (331.25, 3.699, 135.0), (326.13, 3.642, 188.0), (321.75, 3.593, 124.0), (308.63, 3.447, 1000.0), (304.0, 3.395, 562.0)]	50.05  1000      1<_newline_>	A             3.66<_newline_>      B             3.43<_newline_>     <_newline_>     J(A,B)=4.6HZ.<_newline_>	<_newline_>    336.81   3.761     36<_newline_>    331.25   3.699    135<_newline_>    326.13   3.642    188<_newline_>    321.75   3.593    124<_newline_>    308.63   3.447   1000<_newline_>    304.00   3.395    562<_newline_>
7948	methanol-d	CH3DO	33.0	1455-13-6	[(49.85, 1000.0, '1')]	[('D(A)', 3.405)]	[(1021.5, 3.405, 1000.0)]	49.85  1000      1<_newline_>	D(A)         3.405<_newline_>	<_newline_>   1021.50   3.405   1000<_newline_>
15812	methanol-d&lt;sub&gt;4&lt;/sub&gt;	CD4O	36.1	811-98-3	[(50.16, 153.0, '1'), (49.82, 462.0, '1'), (49.38, 762.0, '1'), (48.97, 1000.0, '1'), (48.53, 776.0, '1'), (48.11, 332.0, '1'), (47.68, 105.0, '1')]	[('A', 4.57), ('B', 3.35)]	[(413.56, 4.618, 63.0), (409.75, 4.576, 867.0), (409.0, 4.567, 1000.0), (408.31, 4.56, 845.0), (405.0, 4.523, 85.0), (404.56, 4.518, 72.0), (404.19, 4.514, 70.0), (403.5, 4.506, 57.0), (302.94, 3.383, 140.0), (301.69, 3.369, 232.0), (301.06, 3.362, 202.0), (299.94, 3.35, 320.0), (298.38, 3.332, 248.0), (296.69, 3.313, 141.0), (295.75, 3.303, 81.0), (295.38, 3.299, 61.0), (294.88, 3.293, 61.0)]	50.16   153 1)   1<_newline_>       49.82   462 1)   1<_newline_>       49.38   762 1)   1<_newline_>       48.97  1000 1)   1<_newline_>       48.53   776 1)   1<_newline_>       48.11   332 1)   1<_newline_>       47.68   105 1)   1<_newline_>     <_newline_>       1) SPLIT BY H-2<_newline_>	A             4.57<_newline_>      B             3.35<_newline_>     <_newline_>     A-PEAK INCLUDES H2O.<_newline_>	<_newline_>    413.56   4.618     63<_newline_>    409.75   4.576    867<_newline_>    409.00   4.567   1000<_newline_>    408.31   4.560    845<_newline_>    405.00   4.523     85<_newline_>    404.56   4.518     72<_newline_>    404.19   4.514     70<_newline_>    403.50   4.506     57<_newline_>    302.94   3.383    140<_newline_>    301.69   3.369    232<_newline_>    301.06   3.362    202<_newline_>    299.94   3.350    320<_newline_>    298.38   3.332    248<_newline_>    296.69   3.313    141<_newline_>    295.75   3.303     81<_newline_>    295.38   3.299     61<_newline_>    294.88   3.293     61<_newline_>
1218	acetonitrile	C2H3N	41.1	75-05-8	[(116.86, 212.0, '2'), (1.79, 1000.0, '1')]	[('D(A)', 2.006)]	[(601.8, 2.006, 1000.0)]	116.86   212      2<_newline_>        1.79  1000      1<_newline_>	D(A)         2.006<_newline_>	<_newline_>    601.80   2.006   1000<_newline_>
3590	formamidine acetate	CH4N2 C2H4O2	44.1	40730-94-7	[(175.68, 196.0, '1'), (163.71, 1000.0, '2'), (36.38, 99.0, '3')]	[('A', 7.82), ('C', 1.922)]	[(700.5, 7.822, 181.0), (172.25, 1.924, 1000.0)]	175.68   196      1<_newline_>      163.71  1000      2<_newline_>       36.38    99      3<_newline_>	A             7.820<_newline_>      C             1.922<_newline_>     <_newline_>     THE SOLVENT SIGNAL REMOVED.<_newline_>	<_newline_>    700.50   7.822    181<_newline_>    172.25   1.924   1000<_newline_>
3958	formamidine hydrochloride	CH4N2 HCl	44.1	6313-33-3	[(157.83, 1000.0, '1')]	[('D(A)', 7.85)]	[(2355.0, 7.85, 1000.0)]	157.83  1000      1<_newline_>	D(A)         7.85<_newline_>	<_newline_>   2355.00   7.850   1000<_newline_>
305	acetaldehyde	C2H4O	44.1	75-07-0	[(199.93, 566.0, '1'), (30.89, 1000.0, '2')]	[('D(A)', 9.789), ('D(B)', 2.206)]	[(2941.02, 9.803, 87.0), (2938.14, 9.794, 251.0), (2935.33, 9.784, 252.0), (2932.45, 9.775, 88.0), (663.26, 2.211, 1000.0), (660.45, 2.201, 998.0)]	199.93   566      1<_newline_>       30.89  1000      2<_newline_>	D(A)         9.789<_newline_>      D(B)         2.206<_newline_>       J(A,B)          2.9<_newline_>	<_newline_>   2941.02   9.803     87<_newline_>   2938.14   9.794    251<_newline_>   2935.33   9.784    252<_newline_>   2932.45   9.775     88<_newline_>    663.26   2.211   1000<_newline_>    660.45   2.201    998<_newline_>
19065	acetonitrile-d&lt;sub&gt;3&lt;/sub&gt;	C2D3N	44.1	2206-26-0	[(118.18, 486.0, '1'), (4.03, 132.0, '2'), (3.11, 406.0, '2'), (2.19, 856.0, '2'), (1.27, 1000.0, '2'), (0.35, 852.0, '2'), (-0.57, 422.0, '2'), (-1.5, 130.0, '2')]	[('A', 1.94)]	[(782.96, 1.96, 24.0), (780.52, 1.954, 344.0), (778.08, 1.947, 700.0), (775.63, 1.941, 1000.0), (773.19, 1.935, 660.0), (770.63, 1.929, 353.0)]	118.18   486      1<_newline_>        4.03   132 1)   2<_newline_>        3.11   406 1)   2<_newline_>        2.19   856 1)   2<_newline_>        1.27  1000 1)   2<_newline_>        0.35   852 1)   2<_newline_>       -0.57   422 1)   2<_newline_>       -1.50   130 1)   2<_newline_>     <_newline_>       1) SPLIT BY H-2<_newline_>	A             1.940<_newline_>     <_newline_>     J(H,D)=2.4HZ<_newline_>	<_newline_>    782.96   1.960     24<_newline_>    780.52   1.954    344<_newline_>    778.08   1.947    700<_newline_>    775.63   1.941   1000<_newline_>    773.19   1.935    660<_newline_>    770.63   1.929    353<_newline_>
931	formamide	CH3NO	45.0	75-12-7	[(162.83, 1000.0, '1')]	[('D(A)', 7.475), ('D(B)', 7.213), ('D(C)', 8.206)]	[(2469.8, 8.233, 600.0), (2467.62, 8.225, 611.0), (2456.31, 8.188, 656.0), (2454.12, 8.18, 669.0), (2244.92, 7.483, 632.0), (2242.47, 7.475, 1000.0), (2240.13, 7.467, 661.0), (2171.78, 7.239, 680.0), (2169.18, 7.231, 635.0), (2158.28, 7.194, 619.0), (2155.69, 7.186, 583.0)]	162.83  1000     1        <_newline_>	D(A)         7.475<_newline_>      D(B)         7.213<_newline_>      D(C)         8.206<_newline_>       J(A,B)          2.6<_newline_>       J(A,C)          2.2<_newline_>       J(B,C)         13.5<_newline_>     <_newline_>     BARBOIU,V. & PETRESCU,V. ORG.MAGN.RESON. 5, 43 (1973)<_newline_>     J(C-13,A):2.9HZ. J(C-13,B):-5.2HZ. J(C-13,C):183.6HZ.<_newline_>     IRRADIATED N-14.<_newline_>	<_newline_>   2469.80   8.233    600<_newline_>   2467.62   8.225    611<_newline_>   2456.31   8.188    656<_newline_>   2454.12   8.180    669<_newline_>   2244.92   7.483    632<_newline_>   2242.47   7.475   1000<_newline_>   2240.13   7.467    661<_newline_>   2171.78   7.239    680<_newline_>   2169.18   7.231    635<_newline_>   2158.28   7.194    619<_newline_>   2155.69   7.186    583<_newline_>
1618	ethylamine hydrobromide	C2H7N HBr	45.1	593-55-5	[(35.88, 503.0, '1'), (12.72, 1000.0, '2')]	[('B', 3.062), ('C', 1.285)]	[(285.94, 3.193, 270.0), (285.44, 3.188, 233.0), (278.19, 3.107, 899.0), (270.88, 3.025, 1000.0), (269.13, 3.006, 34.0), (263.94, 2.948, 353.0), (263.5, 2.943, 297.0), (122.19, 1.365, 519.0), (114.88, 1.283, 966.0), (110.56, 1.235, 55.0), (107.44, 1.2, 426.0)]	35.88   503      1<_newline_>       12.72  1000      2<_newline_>	B             3.062<_newline_>      C             1.285<_newline_>     <_newline_>     THE SOLVENT SIGNAL REMOVED.<_newline_>	<_newline_>    285.94   3.193    270<_newline_>    285.44   3.188    233<_newline_>    278.19   3.107    899<_newline_>    270.88   3.025   1000<_newline_>    269.13   3.006     34<_newline_>    263.94   2.948    353<_newline_>    263.50   2.943    297<_newline_>    122.19   1.365    519<_newline_>    114.88   1.283    966<_newline_>    110.56   1.235     55<_newline_>    107.44   1.200    426<_newline_>
2758	dimethylamine hydrochloride	C2H7N HCl	45.1	506-59-2	[(35.55, 1000.0, '1')]	[('D(A)', 2.737)]	[(821.1, 2.737, 1000.0)]	35.55  1000      1<_newline_>	D(A)         2.737<_newline_>	<_newline_>    821.10   2.737   1000<_newline_>
11440	ethylamine compd. with trifluoroborane	C2H7N BF3	45.1	75-23-0	[(34.95, 1000.0, '1'), (13.21, 951.0, '2')]	[('A', 6.17), ('B', 2.62), ('C', 1.101)]	[(2465.7, 6.17, 107.0), (1050.78, 2.63, 180.0), (1044.43, 2.614, 181.0), (1039.67, 2.602, 107.0), (1039.31, 2.601, 108.0), (1038.82, 2.6, 107.0), (446.41, 1.118, 719.0), (439.45, 1.1, 1000.0), (432.13, 1.082, 497.0)]	34.95  1000      1<_newline_>       13.21   951      2<_newline_>	A             6.17<_newline_>      B             2.62<_newline_>      C             1.101<_newline_>	<_newline_>   2465.70   6.170    107<_newline_>   1050.78   2.630    180<_newline_>   1044.43   2.614    181<_newline_>   1039.67   2.602    107<_newline_>   1039.31   2.601    108<_newline_>   1038.82   2.600    107<_newline_>    446.41   1.118    719<_newline_>    439.45   1.100   1000<_newline_>    432.13   1.082    497<_newline_>
12577	borane-dimethylamine complex	C2H7N H3B	45.1	74-94-2	[(44.41, 1000.0, '1')]	[('A', 4.3), ('B', 2.543), ('C', 1.56)]	[(240.36, 2.684, 31.0), (238.28, 2.661, 38.0), (237.67, 2.654, 40.0), (230.59, 2.575, 1000.0), (224.85, 2.511, 916.0)]	44.41  1000      1<_newline_>	A             4.3<_newline_>      B             2.543<_newline_>      C             1.56<_newline_>     <_newline_>     J(A,B)=5.7HZ<_newline_>     J(C,B-11)=94HZ<_newline_>	<_newline_>    240.36   2.684     31<_newline_>    238.28   2.661     38<_newline_>    237.67   2.654     40<_newline_>    230.59   2.575   1000<_newline_>    224.85   2.511    916<_newline_>
10523	formic acid	CH2O2	46.0	64-18-6	[(166.22, 1000.0, '1')]	[('A', 10.99), ('B', 8.06)]	[(983.78, 10.985, 342.0), (722.13, 8.064, 1000.0)]	166.22  1000      1<_newline_>	A            10.99<_newline_>      B             8.06<_newline_>	<_newline_>    983.78  10.985    342<_newline_>    722.13   8.064   1000<_newline_>
3696	methylhydrazine sulfate	CH6N2 H2O4S	46.1	302-15-8	[(37.41, 1000.0, '1')]	[('D(A)', 2.865)]	[(859.5, 2.865, 1000.0)]	37.41  1000      1<_newline_>	D(A)         2.865<_newline_>	<_newline_>    859.50   2.865   1000<_newline_>
4127	methylhydrazine	CH6N2	46.1	60-34-4	[(43.49, 1000.0, '1')]	[('A', 3.21), ('B', 2.624)]	[(287.69, 3.213, 819.0), (235.13, 2.626, 1000.0)]	43.49  1000      1<_newline_>	A             3.21<_newline_>      B             2.624<_newline_>	<_newline_>    287.69   3.213    819<_newline_>    235.13   2.626   1000<_newline_>
1300	ethyl alcohol	C2H6O	46.1	64-17-5	[(57.79, 1000.0, '2'), (18.13, 970.0, '1')]	[('A', 3.687), ('B', 2.61), ('C', 1.226)]	[(341.25, 3.811, 109.0), (334.0, 3.73, 427.0), (327.0, 3.652, 469.0), (320.19, 3.576, 132.0), (233.44, 2.607, 199.0), (232.69, 2.599, 168.0), (116.63, 1.303, 430.0), (115.13, 1.286, 23.0), (109.75, 1.226, 1000.0), (108.06, 1.207, 36.0), (107.38, 1.199, 25.0), (102.63, 1.146, 376.0)]	57.79  1000      2<_newline_>       18.13   970      1<_newline_>	A             3.687<_newline_>      B             2.61<_newline_>      C             1.226<_newline_>	<_newline_>    341.25   3.811    109<_newline_>    334.00   3.730    427<_newline_>    327.00   3.652    469<_newline_>    320.19   3.576    132<_newline_>    233.44   2.607    199<_newline_>    232.69   2.599    168<_newline_>    116.63   1.303    430<_newline_>    115.13   1.286     23<_newline_>    109.75   1.226   1000<_newline_>    108.06   1.207     36<_newline_>    107.38   1.199     25<_newline_>    102.63   1.146    376<_newline_>
3946	O-methylhydroxylamine hydrochloride	CH5NO HCl	47.1	593-56-6	[(71.11, 1000.0, '1')]	[('D(A)', 3.88)]	[(1164.0, 3.88, 1000.0)]	71.11  1000      1<_newline_>	D(A)         3.880<_newline_>	<_newline_>   1164.00   3.880   1000<_newline_>
3694	lithium formate	CHLiO2 H2O	52.0	556-63-8	[(171.95, 1000.0, '1')]	[('D(A)', 8.458)]	[(2537.4, 8.458, 1000.0)]	171.95  1000      1<_newline_>	D(A)         8.458<_newline_>	<_newline_>   2537.40   8.458   1000<_newline_>
1283	acrylonitrile	C3H3N	53.1	107-13-1	[(137.52, 1000.0, '3'), (117.13, 174.0, '2'), (107.81, 612.0, '1')]	[('A', 6.24), ('B', 6.11), ('C', 5.69)]	[(569.25, 6.357, 443.0), (567.69, 6.339, 458.0), (551.88, 6.163, 657.0), (550.31, 6.145, 1000.0), (548.81, 6.128, 35.0), (540.56, 6.036, 895.0), (539.06, 6.019, 551.0), (519.94, 5.806, 950.0), (508.44, 5.678, 444.0), (502.56, 5.612, 495.0), (491.06, 5.484, 297.0)]	137.52  1000      3<_newline_>      117.13   174      2<_newline_>      107.81   612      1<_newline_>	A             6.24<_newline_>      B             6.11<_newline_>      C             5.69<_newline_>	<_newline_>    569.25   6.357    443<_newline_>    567.69   6.339    458<_newline_>    551.88   6.163    657<_newline_>    550.31   6.145   1000<_newline_>    548.81   6.128     35<_newline_>    540.56   6.036    895<_newline_>    539.06   6.019    551<_newline_>    519.94   5.806    950<_newline_>    508.44   5.678    444<_newline_>    502.56   5.612    495<_newline_>    491.06   5.484    297<_newline_>
263	2-butyne	C4H6	54.1	503-17-3	[(74.56, 1000.0, '1'), (3.33, 965.0, '2')]	[('D(A)', 1.74)]	[(522.0, 1.74, 1000.0)]	74.56  1000      1<_newline_>        3.33   965      2<_newline_>	D(A)         1.740<_newline_>	<_newline_>    522.00   1.740   1000<_newline_>
316	propionitrile	C3H5N	55.1	107-12-0	[(120.97, 265.0, '3'), (10.93, 815.0, '2'), (10.6, 1000.0, '1')]	[('A', 1.3), ('B', 2.36)]	[(223.63, 2.497, 99.0), (222.75, 2.488, 96.0), (215.44, 2.406, 364.0), (208.63, 2.33, 252.0), (207.81, 2.321, 443.0), (200.88, 2.243, 151.0), (200.06, 2.234, 137.0), (123.31, 1.377, 456.0), (116.06, 1.296, 1000.0), (115.5, 1.29, 603.0), (112.75, 1.259, 26.0), (108.19, 1.209, 316.0), (107.56, 1.201, 168.0)]	120.97   265      3<_newline_>       10.93   815      2<_newline_>       10.60  1000      1<_newline_>	A             1.30<_newline_>      B             2.36<_newline_>	<_newline_>    223.63   2.497     99<_newline_>    222.75   2.488     96<_newline_>    215.44   2.406    364<_newline_>    208.63   2.330    252<_newline_>    207.81   2.321    443<_newline_>    200.88   2.243    151<_newline_>    200.06   2.234    137<_newline_>    123.31   1.377    456<_newline_>    116.06   1.296   1000<_newline_>    115.50   1.290    603<_newline_>    112.75   1.259     26<_newline_>    108.19   1.209    316<_newline_>    107.56   1.201    168<_newline_>
13657	2-propynylamine hydrochloride	C3H5N HCl	55.1	15430-52-1	[(77.69, 943.0, '1'), (76.65, 595.0, '2'), (27.94, 1000.0, '3')]	[('A', 8.75), ('B', 3.691), ('C', 3.618)]	[(3498.23, 8.754, 440.0), (1476.44, 3.695, 923.0), (1473.85, 3.688, 1000.0), (1448.36, 3.625, 534.0), (1445.77, 3.618, 901.0), (1443.18, 3.612, 355.0)]	77.69   943      1<_newline_>       76.65   595      2<_newline_>       27.94  1000      3<_newline_>	A             8.75<_newline_>      B             3.691<_newline_>      C             3.618<_newline_>	<_newline_>   3498.23   8.754    440<_newline_>   1476.44   3.695    923<_newline_>   1473.85   3.688   1000<_newline_>   1448.36   3.625    534<_newline_>   1445.77   3.618    901<_newline_>   1443.18   3.612    355<_newline_>
3786	aminoacetonitrile hydrogensulfate	C2H4N2 H2O4S	56.1	151-63-3	[(115.07, 721.0, '1'), (28.14, 1000.0, '2')]	[('D(A)', 4.184)]	[(1255.2, 4.184, 1000.0)]	115.07   721      1<_newline_>       28.14  1000      2<_newline_>	D(A)         4.184<_newline_>	<_newline_>   1255.20   4.184   1000<_newline_>
3945	aminoacetonitrile sulfate	C2H4N2 1/2H2O4S	56.1	5466-22-8	[(115.26, 667.0, '1'), (28.14, 1000.0, '2')]	[('D(A)', 4.167)]	[(1250.1, 4.167, 1000.0)]	115.26   667      1<_newline_>       28.14  1000      2<_newline_>	D(A)         4.167<_newline_>	<_newline_>   1250.10   4.167   1000<_newline_>
74	2-propyn-1-ol	C3H4O	56.1	107-19-7	[(82.18, 480.0, '1'), (73.88, 409.0, '2'), (50.4, 1000.0, '3')]	[('A', 4.274), ('B', 2.481), ('C', 2.37)]	[(384.13, 4.29, 958.0), (381.69, 4.262, 1000.0), (224.75, 2.51, 243.0), (222.31, 2.483, 499.0), (219.88, 2.456, 238.0), (212.25, 2.37, 373.0)]	82.18   480      1<_newline_>       73.88   409      2<_newline_>       50.40  1000      3<_newline_>	A             4.274<_newline_>      B             2.481<_newline_>      C             2.37<_newline_>	<_newline_>    384.13   4.290    958<_newline_>    381.69   4.262   1000<_newline_>    224.75   2.510    243<_newline_>    222.31   2.483    499<_newline_>    219.88   2.456    238<_newline_>    212.25   2.370    373<_newline_>
4448	acrylaldehyde	C3H4O	56.1	107-02-8	[(194.44, 705.0, '1'), (138.53, 1000.0, '2'), (137.96, 935.0, '3')]	[('A', 9.586), ('B', 6.522), ('C', 6.37), ('D', 6.35)]	[(3835.14, 9.597, 485.0), (3833.47, 9.593, 307.0), (3832.24, 9.589, 307.0), (3830.41, 9.585, 310.0), (3828.74, 9.581, 316.0), (3827.51, 9.578, 541.0), (2612.92, 6.539, 395.0), (2609.86, 6.531, 261.0), (2608.64, 6.528, 270.0), (2606.35, 6.522, 290.0), (2604.52, 6.518, 334.0), (2602.08, 6.511, 577.0), (2589.11, 6.479, 38.0), (2567.14, 6.424, 124.0), (2560.88, 6.408, 53.0), (2549.9, 6.381, 498.0), (2543.64, 6.365, 535.0), (2542.72, 6.363, 545.0), (2541.5, 6.36, 696.0), (2539.98, 6.356, 618.0), (2537.08, 6.349, 1000.0), (2531.43, 6.335, 46.0), (2529.14, 6.329, 31.0), (2525.48, 6.32, 106.0), (2524.11, 6.316, 52.0), (2522.74, 6.313, 53.0)]	194.44   705      1<_newline_>      138.53  1000      2<_newline_>      137.96   935      3<_newline_>	A             9.586<_newline_>      B             6.522<_newline_>      C             6.37<_newline_>      D             6.35<_newline_>	<_newline_>   3835.14   9.597    485<_newline_>   3833.47   9.593    307<_newline_>   3832.24   9.589    307<_newline_>   3830.41   9.585    310<_newline_>   3828.74   9.581    316<_newline_>   3827.51   9.578    541<_newline_>   2612.92   6.539    395<_newline_>   2609.86   6.531    261<_newline_>   2608.64   6.528    270<_newline_>   2606.35   6.522    290<_newline_>   2604.52   6.518    334<_newline_>   2602.08   6.511    577<_newline_>   2589.11   6.479     38<_newline_>   2567.14   6.424    124<_newline_>   2560.88   6.408     53<_newline_>   2549.90   6.381    498<_newline_>   2543.64   6.365    535<_newline_>   2542.72   6.363    545<_newline_>   2541.50   6.360    696<_newline_>   2539.98   6.356    618<_newline_>   2537.08   6.349   1000<_newline_>   2531.43   6.335     46<_newline_>   2529.14   6.329     31<_newline_>   2525.48   6.320    106<_newline_>   2524.11   6.316     52<_newline_>   2522.74   6.313     53<_newline_>
4446	methyl isocyanate	C2H3NO	57.1	624-83-9	[(121.79, 85.0, '1'), (28.22, 1000.0, '2')]	[('D(A)', 3.024)]	[(907.2, 3.024, 1000.0)]	121.79    85      1<_newline_>       28.22  1000      2<_newline_>	D(A)         3.024<_newline_>	<_newline_>    907.20   3.024   1000<_newline_>
4119	propyleneimine	C3H7N	57.1	75-55-8	[(26.0, 811.0, '1'), (25.23, 677.0, '2'), (19.54, 1000.0, '3')]	[('A', 1.98), ('B', 1.75), ('C', 1.3), ('D', 1.204), ('E', 0.24)]	[(185.89, 2.076, 75.0), (182.37, 2.037, 82.0), (180.54, 2.016, 108.0), (180.18, 2.012, 105.0), (177.1, 1.978, 112.0), (176.73, 1.974, 114.0), (175.34, 1.958, 81.0), (174.83, 1.953, 105.0), (171.97, 1.921, 84.0), (171.31, 1.913, 111.0), (159.16, 1.778, 314.0), (153.44, 1.714, 197.0), (117.63, 1.314, 316.0), (114.26, 1.276, 283.0), (110.23, 1.231, 1000.0), (108.03, 1.207, 77.0), (104.96, 1.172, 840.0), (20.73, 0.232, 82.0)]	26.00   811      1<_newline_>       25.23   677      2<_newline_>       19.54  1000      3<_newline_>	A             1.98<_newline_>      B     *1      1.75<_newline_>      C     *1      1.30<_newline_>      D             1.204<_newline_>      E             0.24<_newline_>	<_newline_>    185.89   2.076     75<_newline_>    182.37   2.037     82<_newline_>    180.54   2.016    108<_newline_>    180.18   2.012    105<_newline_>    177.10   1.978    112<_newline_>    176.73   1.974    114<_newline_>    175.34   1.958     81<_newline_>    174.83   1.953    105<_newline_>    171.97   1.921     84<_newline_>    171.31   1.913    111<_newline_>    159.16   1.778    314<_newline_>    153.44   1.714    197<_newline_>    117.63   1.314    316<_newline_>    114.26   1.276    283<_newline_>    110.23   1.231   1000<_newline_>    108.03   1.207     77<_newline_>    104.96   1.172    840<_newline_>     20.73   0.232     82<_newline_>
4258	allylamine	C3H7N	57.1	107-11-9	[(140.01, 685.0, '1'), (113.48, 1000.0, '2'), (44.82, 770.0, '3')]	[('A', 5.954), ('B', 5.159), ('C', 5.051), ('D', 3.311), ('E', 1.29)]	[(554.69, 6.194, 36.0), (549.31, 6.134, 68.0), (544.56, 6.081, 46.0), (544.06, 6.075, 42.0), (539.31, 6.022, 81.0), (537.44, 6.001, 56.0), (534.06, 5.964, 46.0), (532.13, 5.942, 102.0), (527.38, 5.889, 74.0), (526.88, 5.883, 66.0), (522.06, 5.83, 125.0), (516.88, 5.772, 74.0), (471.94, 5.27, 58.0), (470.25, 5.251, 156.0), (468.44, 5.231, 195.0), (466.75, 5.212, 85.0), (458.69, 5.122, 76.0), (457.25, 5.106, 163.0), (455.75, 5.089, 104.0), (455.38, 5.085, 121.0), (454.75, 5.078, 59.0), (453.94, 5.069, 61.0), (453.0, 5.059, 117.0), (451.19, 5.038, 122.0), (449.5, 5.019, 56.0), (448.69, 5.01, 58.0), (447.19, 4.994, 125.0), (445.38, 4.973, 106.0), (443.88, 4.957, 49.0), (300.69, 3.358, 187.0), (299.19, 3.341, 287.0), (297.56, 3.323, 195.0), (295.44, 3.299, 184.0), (293.88, 3.282, 288.0), (292.25, 3.264, 192.0), (115.25, 1.287, 1000.0)]	140.01   685      1<_newline_>      113.48  1000      2<_newline_>       44.82   770      3<_newline_>	A             5.954<_newline_>      B             5.159<_newline_>      C             5.051<_newline_>      D             3.311<_newline_>      E             1.29<_newline_>     <_newline_>     J(A,B)=17.3HZ<_newline_>     J(A,C)=10.0HZ<_newline_>     J(A,D)=5.3HZ<_newline_>     J(B,C)=1.7HZ<_newline_>     J(B,D)=-1.7HZ<_newline_>	<_newline_>    554.69   6.194     36<_newline_>    549.31   6.134     68<_newline_>    544.56   6.081     46<_newline_>    544.06   6.075     42<_newline_>    539.31   6.022     81<_newline_>    537.44   6.001     56<_newline_>    534.06   5.964     46<_newline_>    532.13   5.942    102<_newline_>    527.38   5.889     74<_newline_>    526.88   5.883     66<_newline_>    522.06   5.830    125<_newline_>    516.88   5.772     74<_newline_>    471.94   5.270     58<_newline_>    470.25   5.251    156<_newline_>    468.44   5.231    195<_newline_>    466.75   5.212     85<_newline_>    458.69   5.122     76<_newline_>    457.25   5.106    163<_newline_>    455.75   5.089    104<_newline_>    455.38   5.085    121<_newline_>    454.75   5.078     59<_newline_>    453.94   5.069     61<_newline_>    453.00   5.059    117<_newline_>    451.19   5.038    122<_newline_>    449.50   5.019     56<_newline_>    448.69   5.010     58<_newline_>    447.19   4.994    125<_newline_>    445.38   4.973    106<_newline_>    443.88   4.957     49<_newline_>    300.69   3.358    187<_newline_>    299.19   3.341    287<_newline_>    297.56   3.323    195<_newline_>    295.44   3.299    184<_newline_>    293.88   3.282    288<_newline_>    292.25   3.264    192<_newline_>    115.25   1.287   1000<_newline_>
16357	azetidine	C3H7N	57.1	503-29-7	[(48.24, 1000.0, '1'), (22.22, 477.0, '2')]	[('A', 3.628), ('B', 2.327), ('C', 2.08)]	[(1457.52, 3.647, 797.0), (1450.2, 3.629, 1000.0), (1445.56, 3.618, 89.0), (1442.75, 3.611, 781.0), (945.07, 2.365, 159.0), (941.89, 2.357, 28.0), (940.92, 2.355, 36.0), (937.62, 2.347, 421.0), (935.18, 2.34, 48.0), (933.72, 2.337, 50.0), (930.3, 2.328, 526.0), (926.76, 2.319, 46.0), (925.66, 2.317, 44.0), (922.85, 2.31, 360.0), (919.68, 2.302, 30.0), (918.58, 2.299, 23.0), (915.53, 2.291, 146.0), (829.35, 2.076, 238.0)]	48.24  1000      1<_newline_>       22.22   477      2<_newline_>	A             3.628<_newline_>      B             2.327<_newline_>      C             2.08<_newline_>	<_newline_>   1457.52   3.647    797<_newline_>   1450.20   3.629   1000<_newline_>   1445.56   3.618     89<_newline_>   1442.75   3.611    781<_newline_>    945.07   2.365    159<_newline_>    941.89   2.357     28<_newline_>    940.92   2.355     36<_newline_>    937.62   2.347    421<_newline_>    935.18   2.340     48<_newline_>    933.72   2.337     50<_newline_>    930.30   2.328    526<_newline_>    926.76   2.319     46<_newline_>    925.66   2.317     44<_newline_>    922.85   2.310    360<_newline_>    919.68   2.302     30<_newline_>    918.58   2.299     23<_newline_>    915.53   2.291    146<_newline_>    829.35   2.076    238<_newline_>
3657	acetamidine hydrochloride	C2H6N2 HCl	58.1	124-42-5	[(169.15, 370.0, '1'), (18.95, 1000.0, '2')]	[('D(A)', 2.253)]	[(675.9, 2.253, 1000.0)]	169.15   370      1<_newline_>       18.95  1000      2<_newline_>	D(A)         2.253<_newline_>	<_newline_>    675.90   2.253   1000<_newline_>
319	acetone	C3H6O	58.1	67-64-1	[(206.55, 522.0, '1'), (30.81, 1000.0, '2')]	[('D(A)', 2.162)]	[(648.6, 2.162, 1000.0)]	206.55   522      1<_newline_>       30.81  1000      2<_newline_>	D(A)         2.162<_newline_>	<_newline_>    648.60   2.162   1000<_newline_>
320	allyl alcohol	C3H6O	58.1	107-18-6	[(137.5, 726.0, '1'), (115.03, 1000.0, '2'), (63.5, 891.0, '3')]	[('A', 5.991), ('B', 5.29), ('C', 5.16), ('D', 4.148), ('E', 1.97)]	[(552.63, 6.171, 161.0), (547.56, 6.114, 180.0), (542.5, 6.058, 201.0), (535.44, 5.979, 247.0), (530.38, 5.923, 290.0), (525.25, 5.865, 305.0), (520.31, 5.81, 178.0), (481.13, 5.373, 361.0), (479.38, 5.353, 468.0), (477.75, 5.335, 207.0), (467.88, 5.225, 177.0), (466.5, 5.209, 384.0), (466.0, 5.204, 202.0), (465.63, 5.2, 193.0), (465.13, 5.194, 268.0), (464.69, 5.189, 308.0), (463.94, 5.181, 308.0), (463.31, 5.174, 188.0), (462.19, 5.161, 278.0), (456.31, 5.096, 271.0), (454.5, 5.075, 245.0), (375.38, 4.192, 550.0), (374.0, 4.176, 835.0), (372.38, 4.158, 560.0), (370.38, 4.136, 514.0), (368.94, 4.12, 835.0), (367.31, 4.102, 547.0), (176.69, 1.973, 1000.0)]	137.50   726      1<_newline_>      115.03  1000      2<_newline_>       63.50   891      3<_newline_>	A             5.991<_newline_>      B             5.29<_newline_>      C             5.16<_newline_>      D             4.148<_newline_>      E             1.97<_newline_>	<_newline_>    552.63   6.171    161<_newline_>    547.56   6.114    180<_newline_>    542.50   6.058    201<_newline_>    535.44   5.979    247<_newline_>    530.38   5.923    290<_newline_>    525.25   5.865    305<_newline_>    520.31   5.810    178<_newline_>    481.13   5.373    361<_newline_>    479.38   5.353    468<_newline_>    477.75   5.335    207<_newline_>    467.88   5.225    177<_newline_>    466.50   5.209    384<_newline_>    466.00   5.204    202<_newline_>    465.63   5.200    193<_newline_>    465.13   5.194    268<_newline_>    464.69   5.189    308<_newline_>    463.94   5.181    308<_newline_>    463.31   5.174    188<_newline_>    462.19   5.161    278<_newline_>    456.31   5.096    271<_newline_>    454.50   5.075    245<_newline_>    375.38   4.192    550<_newline_>    374.00   4.176    835<_newline_>    372.38   4.158    560<_newline_>    370.38   4.136    514<_newline_>    368.94   4.120    835<_newline_>    367.31   4.102    547<_newline_>    176.69   1.973   1000<_newline_>
2899	propionaldehyde	C3H6O	58.1	123-38-6	[(203.21, 459.0, '1'), (37.28, 1000.0, '2'), (6.04, 802.0, '3')]	[('D(A)', 9.793), ('D(B)', 2.46), ('D(C)', 1.113)]	[(2939.31, 9.798, 200.0), (2937.87, 9.793, 371.0), (2936.58, 9.789, 203.0), (749.73, 2.499, 87.0), (748.44, 2.495, 87.0), (742.42, 2.475, 265.0), (741.13, 2.47, 266.0), (735.19, 2.451, 271.0), (733.82, 2.446, 275.0), (727.88, 2.426, 92.0), (726.52, 2.422, 96.0), (341.13, 1.137, 503.0), (333.9, 1.113, 1000.0), (326.59, 1.089, 484.0)]	203.21   459      1<_newline_>       37.28  1000      2<_newline_>        6.04   802      3<_newline_>	D(A)         9.793<_newline_>      D(B)         2.46<_newline_>      D(C)         1.113<_newline_>       J(A,B)          1.4<_newline_>       J(A,C)          0.<_newline_>       J(B,C)          7.3<_newline_>	<_newline_>   2939.31   9.798    200<_newline_>   2937.87   9.793    371<_newline_>   2936.58   9.789    203<_newline_>    749.73   2.499     87<_newline_>    748.44   2.495     87<_newline_>    742.42   2.475    265<_newline_>    741.13   2.470    266<_newline_>    735.19   2.451    271<_newline_>    733.82   2.446    275<_newline_>    727.88   2.426     92<_newline_>    726.52   2.422     96<_newline_>    341.13   1.137    503<_newline_>    333.90   1.113   1000<_newline_>    326.59   1.089    484<_newline_>
2907	2-methyloxirane	C3H6O	58.1	75-56-9	[(48.17, 795.0, '1'), (47.94, 1000.0, '2'), (18.08, 860.0, '3')]	[('A', 2.979), ('B', 2.745), ('C', 2.427), ('D', 1.316)]	[(278.5, 3.11, 32.0), (275.81, 3.08, 38.0), (274.56, 3.066, 48.0), (273.25, 3.052, 93.0), (271.88, 3.036, 54.0), (270.56, 3.021, 100.0), (269.31, 3.008, 132.0), (268.13, 2.994, 99.0), (266.63, 2.978, 137.0), (265.44, 2.964, 106.0), (264.19, 2.95, 142.0), (263.13, 2.939, 47.0), (261.5, 2.92, 145.0), (260.44, 2.908, 47.0), (259.19, 2.895, 63.0), (256.5, 2.865, 63.0), (250.69, 2.8, 160.0), (250.19, 2.794, 160.0), (249.63, 2.788, 67.0), (246.75, 2.756, 127.0), (246.19, 2.749, 170.0), (245.63, 2.743, 244.0), (245.06, 2.737, 222.0), (244.56, 2.731, 92.0), (241.69, 2.699, 162.0), (241.13, 2.693, 150.0), (240.63, 2.687, 56.0), (220.94, 2.467, 228.0), (220.63, 2.464, 212.0), (218.25, 2.437, 214.0), (217.94, 2.434, 200.0), (215.81, 2.41, 164.0), (215.5, 2.407, 160.0), (213.19, 2.381, 148.0), (212.81, 2.377, 146.0), (120.5, 1.346, 1000.0), (118.06, 1.319, 51.0), (115.38, 1.289, 967.0)]	48.17   795      1<_newline_>       47.94  1000      2<_newline_>       18.08   860      3<_newline_>	A             2.979<_newline_>      B             2.745<_newline_>      C             2.427<_newline_>      D             1.316<_newline_>	<_newline_>    278.50   3.110     32<_newline_>    275.81   3.080     38<_newline_>    274.56   3.066     48<_newline_>    273.25   3.052     93<_newline_>    271.88   3.036     54<_newline_>    270.56   3.021    100<_newline_>    269.31   3.008    132<_newline_>    268.13   2.994     99<_newline_>    266.63   2.978    137<_newline_>    265.44   2.964    106<_newline_>    264.19   2.950    142<_newline_>    263.13   2.939     47<_newline_>    261.50   2.920    145<_newline_>    260.44   2.908     47<_newline_>    259.19   2.895     63<_newline_>    256.50   2.865     63<_newline_>    250.69   2.800    160<_newline_>    250.19   2.794    160<_newline_>    249.63   2.788     67<_newline_>    246.75   2.756    127<_newline_>    246.19   2.749    170<_newline_>    245.63   2.743    244<_newline_>    245.06   2.737    222<_newline_>    244.56   2.731     92<_newline_>    241.69   2.699    162<_newline_>    241.13   2.693    150<_newline_>    240.63   2.687     56<_newline_>    220.94   2.467    228<_newline_>    220.63   2.464    212<_newline_>    218.25   2.437    214<_newline_>    217.94   2.434    200<_newline_>    215.81   2.410    164<_newline_>    215.50   2.407    160<_newline_>    213.19   2.381    148<_newline_>    212.81   2.377    146<_newline_>    120.50   1.346   1000<_newline_>    118.06   1.319     51<_newline_>    115.38   1.289    967<_newline_>
4097	oxetane	C3H6O	58.1	503-30-0	[(72.61, 1000.0, '1'), (22.55, 478.0, '2')]	[('A', 4.752), ('B', 2.704)]	[(433.56, 4.842, 428.0), (431.56, 4.819, 30.0), (425.94, 4.756, 1000.0), (418.25, 4.671, 537.0), (257.38, 2.874, 62.0), (256.75, 2.867, 63.0), (249.56, 2.787, 332.0), (241.69, 2.699, 313.0), (234.38, 2.618, 161.0), (233.75, 2.61, 182.0), (226.5, 2.53, 48.0), (225.94, 2.523, 45.0)]	72.61  1000      1<_newline_>       22.55   478      2<_newline_>	A             4.752<_newline_>      B             2.704<_newline_>	<_newline_>    433.56   4.842    428<_newline_>    431.56   4.819     30<_newline_>    425.94   4.756   1000<_newline_>    418.25   4.671    537<_newline_>    257.38   2.874     62<_newline_>    256.75   2.867     63<_newline_>    249.56   2.787    332<_newline_>    241.69   2.699    313<_newline_>    234.38   2.618    161<_newline_>    233.75   2.610    182<_newline_>    226.50   2.530     48<_newline_>    225.94   2.523     45<_newline_>
1047	N-methylformamide	C2H5NO	59.1	123-39-7	[(166.49, 72.0, '1'), (163.26, 1000.0, '3'), (28.21, 78.0, '2'), (24.77, 850.0, '4')]	[('A', 8.159), ('B', 8.027), ('C', 7.4), ('D', 2.936), ('E', 2.815)]	[(3261.72, 8.159, 201.0), (3215.21, 8.043, 16.0), (3203.13, 8.013, 17.0), (2941.66, 7.359, 18.0), (1196.17, 2.993, 7.0), (1195.32, 2.99, 7.0), (1191.29, 2.98, 8.0), (1190.43, 2.978, 7.0), (1175.66, 2.941, 116.0), (1175.18, 2.94, 109.0), (1170.66, 2.929, 115.0), (1170.29, 2.928, 106.0), (1149.17, 2.875, 7.0), (1148.32, 2.873, 8.0), (1143.44, 2.861, 12.0), (1128.06, 2.822, 1000.0), (1127.08, 2.82, 817.0), (1123.05, 2.81, 886.0), (1122.08, 2.807, 749.0), (1057.87, 2.647, 6.0), (1057.01, 2.644, 7.0), (1052.86, 2.634, 6.0), (1052.01, 2.632, 6.0)]	166.49    72      1<_newline_>      163.26  1000      3<_newline_>       28.21    78      2<_newline_>       24.77   850      4<_newline_>	A           8.159<_newline_>     B           8.027<_newline_>     C           7.4<_newline_>     D           2.936<_newline_>     E           2.815<_newline_>	<_newline_>   3261.72   8.159    201<_newline_>   3215.21   8.043     16<_newline_>   3203.13   8.013     17<_newline_>   2941.66   7.359     18<_newline_>   1196.17   2.993      7<_newline_>   1195.32   2.990      7<_newline_>   1191.29   2.980      8<_newline_>   1190.43   2.978      7<_newline_>   1175.66   2.941    116<_newline_>   1175.18   2.940    109<_newline_>   1170.66   2.929    115<_newline_>   1170.29   2.928    106<_newline_>   1149.17   2.875      7<_newline_>   1148.32   2.873      8<_newline_>   1143.44   2.861     12<_newline_>   1128.06   2.822   1000<_newline_>   1127.08   2.820    817<_newline_>   1123.05   2.810    886<_newline_>   1122.08   2.807    749<_newline_>   1057.87   2.647      6<_newline_>   1057.01   2.644      7<_newline_>   1052.86   2.634      6<_newline_>   1052.01   2.632      6<_newline_>
1491	acetamide	C2H5NO	59.1	60-35-5	[(178.06, 219.0, '1'), (22.11, 1000.0, '2')]	[('B', 2.003)]	[(179.5, 2.005, 1000.0)]	178.06   219      1<_newline_>       22.11  1000      2<_newline_>	B             2.003<_newline_>     <_newline_>     THE SOLVENT SIGNAL REMOVED.<_newline_>	<_newline_>    179.50   2.005   1000<_newline_>
4112	acetaldehyde oxime	C2H5NO	59.1	107-29-9	[(148.24, 703.0, '1'), (147.92, 1000.0, '2'), (15.12, 475.0, '3'), (11.22, 604.0, '4')]	[('A', 9.0), ('B', 7.456), ('C', 6.841), ('D', 1.888), ('E', 1.865)]	[(676.88, 7.558, 44.0), (671.0, 7.493, 151.0), (665.19, 7.428, 160.0), (659.31, 7.362, 48.0), (621.25, 6.937, 41.0), (615.75, 6.876, 127.0), (610.25, 6.814, 132.0), (604.81, 6.754, 46.0), (171.75, 1.918, 1000.0), (170.0, 1.899, 687.0), (166.31, 1.857, 951.0), (164.13, 1.833, 654.0)]	148.24   703      1<_newline_>      147.92  1000      2<_newline_>       15.12   475      3<_newline_>       11.22   604      4<_newline_>	A             9.<_newline_>      B             7.456<_newline_>      C             6.841<_newline_>      D             1.888<_newline_>      E             1.865<_newline_>	<_newline_>    676.88   7.558     44<_newline_>    671.00   7.493    151<_newline_>    665.19   7.428    160<_newline_>    659.31   7.362     48<_newline_>    621.25   6.937     41<_newline_>    615.75   6.876    127<_newline_>    610.25   6.814    132<_newline_>    604.81   6.754     46<_newline_>    171.75   1.918   1000<_newline_>    170.00   1.899    687<_newline_>    166.31   1.857    951<_newline_>    164.13   1.833    654<_newline_>
1622	isopropylamine hydrochloride	C3H9N HCl	59.1	15572-56-2	[(44.97, 296.0, '1'), (20.67, 1000.0, '2')]	[('B', 3.515), ('C', 1.315)]	[(328.5, 3.668, 36.0), (321.94, 3.595, 93.0), (315.38, 3.522, 125.0), (308.75, 3.448, 104.0), (302.0, 3.373, 46.0), (121.06, 1.352, 1000.0), (114.44, 1.278, 939.0), (109.31, 1.221, 24.0)]	44.97   296      1<_newline_>       20.67  1000      2<_newline_>	B             3.515<_newline_>      C             1.315<_newline_>     <_newline_>     THE SOLVENT SIGNAL REMOVED.<_newline_>	<_newline_>    328.50   3.668     36<_newline_>    321.94   3.595     93<_newline_>    315.38   3.522    125<_newline_>    308.75   3.448    104<_newline_>    302.00   3.373     46<_newline_>    121.06   1.352   1000<_newline_>    114.44   1.278    939<_newline_>    109.31   1.221     24<_newline_>
2446	isopropylamine	C3H9N	59.1	75-31-0	[(42.83, 413.0, '1'), (26.21, 1000.0, '2')]	[('A', 3.102), ('B', 1.221), ('C', 1.071)]	[(290.69, 3.246, 24.0), (284.38, 3.176, 55.0), (278.13, 3.106, 74.0), (271.88, 3.036, 62.0), (265.69, 2.967, 31.0), (109.31, 1.221, 526.0), (105.69, 1.181, 22.0), (98.94, 1.105, 1000.0), (96.69, 1.08, 46.0), (92.69, 1.035, 906.0), (90.63, 1.012, 37.0)]	42.83   413      1<_newline_>       26.21  1000      2<_newline_>	A             3.102<_newline_>      B             1.221<_newline_>      C             1.071<_newline_>	<_newline_>    290.69   3.246     24<_newline_>    284.38   3.176     55<_newline_>    278.13   3.106     74<_newline_>    271.88   3.036     62<_newline_>    265.69   2.967     31<_newline_>    109.31   1.221    526<_newline_>    105.69   1.181     22<_newline_>     98.94   1.105   1000<_newline_>     96.69   1.080     46<_newline_>     92.69   1.035    906<_newline_>     90.63   1.012     37<_newline_>
3781	propylamine	C3H9N	59.1	107-10-8	[(44.37, 915.0, '1'), (27.13, 1000.0, '2'), (11.36, 900.0, '3')]	[('A', 2.653), ('B', 1.45), ('C', 1.24), ('D', 0.92)]	[(245.13, 2.738, 139.0), (244.75, 2.733, 127.0), (238.31, 2.661, 304.0), (237.44, 2.652, 155.0), (231.25, 2.583, 195.0), (141.31, 1.578, 87.0), (135.19, 1.51, 69.0), (134.38, 1.501, 88.0), (133.94, 1.496, 86.0), (133.63, 1.493, 86.0), (128.06, 1.43, 89.0), (127.5, 1.424, 65.0), (126.81, 1.416, 122.0), (125.88, 1.406, 43.0), (120.06, 1.341, 102.0), (119.5, 1.335, 50.0), (112.88, 1.261, 45.0), (111.31, 1.243, 1000.0), (89.44, 0.999, 130.0), (88.56, 0.989, 225.0), (87.75, 0.98, 162.0), (81.88, 0.915, 374.0), (81.06, 0.906, 230.0), (80.13, 0.895, 77.0), (75.13, 0.839, 63.0), (74.06, 0.827, 118.0), (72.69, 0.812, 74.0)]	44.37   915      1<_newline_>       27.13  1000      2<_newline_>       11.36   900      3<_newline_>	A             2.653<_newline_>      B             1.45<_newline_>      C             1.24<_newline_>      D             0.92<_newline_>	<_newline_>    245.13   2.738    139<_newline_>    244.75   2.733    127<_newline_>    238.31   2.661    304<_newline_>    237.44   2.652    155<_newline_>    231.25   2.583    195<_newline_>    141.31   1.578     87<_newline_>    135.19   1.510     69<_newline_>    134.38   1.501     88<_newline_>    133.94   1.496     86<_newline_>    133.63   1.493     86<_newline_>    128.06   1.430     89<_newline_>    127.50   1.424     65<_newline_>    126.81   1.416    122<_newline_>    125.88   1.406     43<_newline_>    120.06   1.341    102<_newline_>    119.50   1.335     50<_newline_>    112.88   1.261     45<_newline_>    111.31   1.243   1000<_newline_>     89.44   0.999    130<_newline_>     88.56   0.989    225<_newline_>     87.75   0.980    162<_newline_>     81.88   0.915    374<_newline_>     81.06   0.906    230<_newline_>     80.13   0.895     77<_newline_>     75.13   0.839     63<_newline_>     74.06   0.827    118<_newline_>     72.69   0.812     74<_newline_>
5293	propylamine hydrochloride	C3H9N HCl	59.1	556-53-6	[(41.72, 800.0, '1'), (21.05, 877.0, '2'), (11.18, 1000.0, '3')]	[('A', 8.2), ('B', 2.99), ('C', 1.84), ('D', 1.045)]	[(735.69, 8.215, 107.0), (301.75, 3.37, 63.0), (300.69, 3.358, 64.0), (298.5, 3.333, 35.0), (268.06, 2.994, 167.0), (178.56, 1.994, 31.0), (175.69, 1.962, 85.0), (174.88, 1.953, 94.0), (174.06, 1.944, 89.0), (172.31, 1.924, 67.0), (171.81, 1.919, 69.0), (167.56, 1.871, 174.0), (163.81, 1.83, 104.0), (160.69, 1.795, 182.0), (160.25, 1.79, 183.0), (156.25, 1.745, 89.0), (155.88, 1.741, 91.0), (155.38, 1.735, 91.0), (153.0, 1.709, 115.0), (148.94, 1.664, 36.0), (148.25, 1.656, 34.0), (147.06, 1.643, 37.0), (146.44, 1.636, 38.0), (145.94, 1.63, 39.0), (145.44, 1.624, 36.0), (99.94, 1.116, 469.0), (96.5, 1.078, 117.0), (93.0, 1.039, 1000.0), (85.44, 0.954, 296.0), (82.13, 0.918, 30.0)]	41.72   800      1<_newline_>       21.05   877      2<_newline_>       11.18  1000      3<_newline_>	A             8.2<_newline_>      B             2.99<_newline_>      C             1.84<_newline_>      D             1.045<_newline_>	<_newline_>    735.69   8.215    107<_newline_>    301.75   3.370     63<_newline_>    300.69   3.358     64<_newline_>    298.50   3.333     35<_newline_>    268.06   2.994    167<_newline_>    178.56   1.994     31<_newline_>    175.69   1.962     85<_newline_>    174.88   1.953     94<_newline_>    174.06   1.944     89<_newline_>    172.31   1.924     67<_newline_>    171.81   1.919     69<_newline_>    167.56   1.871    174<_newline_>    163.81   1.830    104<_newline_>    160.69   1.795    182<_newline_>    160.25   1.790    183<_newline_>    156.25   1.745     89<_newline_>    155.88   1.741     91<_newline_>    155.38   1.735     91<_newline_>    153.00   1.709    115<_newline_>    148.94   1.664     36<_newline_>    148.25   1.656     34<_newline_>    147.06   1.643     37<_newline_>    146.44   1.636     38<_newline_>    145.94   1.630     39<_newline_>    145.44   1.624     36<_newline_>     99.94   1.116    469<_newline_>     96.50   1.078    117<_newline_>     93.00   1.039   1000<_newline_>     85.44   0.954    296<_newline_>     82.13   0.918     30<_newline_>
12580	borane-trimethylamine complex	C3H9N H3B	59.1	75-22-9	[(54.11, 1000.0, '1')]	[('A', 2.664), ('B', 1.71)]	[(1064.94, 2.665, 1000.0)]	54.11  1000      1<_newline_>	A             2.664<_newline_>      B             1.71<_newline_>	<_newline_>   1064.94   2.665   1000<_newline_>
23317	sulfur trioxide trimethylamine complex	C3H9N O3S	59.1	3162-58-1	[(48.36, 1000.0, '1')]	[('A', 3.068)]	[(1226.32, 3.069, 1000.0)]	48.36  1000      1<_newline_>	A             3.068<_newline_>	<_newline_>   1226.32   3.069   1000<_newline_>
2958	urea	CH4N2O	60.1	57-13-6	[(159.49, 1000.0, '1')]	[('D(A)', 5.6)]	[(1680.0, 5.6, 1000.0)]	159.49  1000     1        <_newline_>	D(A)         5.6<_newline_>     <_newline_>     STILBS,P. & FORSEN,S. ORG.MAGN.RESON. 8, 384 (1976)<_newline_>     J(1)(A,N-15):86.8HZ. J(3)(A,N-15):1.7HZ. J(4)(A,A):1.0HZ.<_newline_>     J(2)(N-15,N-15):5.1HZ.<_newline_>	<_newline_>   1680.00   5.600   1000<_newline_>
13728	formohydrazide	CH4N2O	60.1	624-84-0	[(163.46, 977.0, '1'), (163.08, 1000.0, '2')]	[('D(A)', 8.481)]	[(2544.3, 8.481, 1000.0)]	163.46   977      1 *<_newline_>      163.08  1000      2 *<_newline_>	D(A)         8.481<_newline_>	<_newline_>   2544.30   8.481   1000<_newline_>
306	acetic acid	C2H4O2	60.1	64-19-7	[(178.12, 1000.0, '1'), (20.8, 882.0, '2')]	[('A', 11.42), ('B', 2.098)]	[(1022.49, 11.417, 55.0), (187.9, 2.099, 1000.0)]	178.12  1000      1<_newline_>       20.80   882      2<_newline_>	A            11.42<_newline_>      B             2.098<_newline_>	<_newline_>   1022.49  11.417     55<_newline_>    187.90   2.099   1000<_newline_>
1208	methyl formate	C2H4O2	60.1	107-31-3	[(161.92, 1000.0, '2'), (50.96, 868.0, '1')]	[('A', 8.071), ('B', 3.76)]	[(724.06, 8.085, 73.0), (723.25, 8.076, 229.0), (722.44, 8.067, 232.0), (721.63, 8.058, 84.0), (337.19, 3.765, 992.0), (336.38, 3.756, 1000.0), (334.75, 3.738, 31.0)]	161.92  1000      2<_newline_>       50.96   868      1<_newline_>	A             8.071<_newline_>      B             3.760<_newline_>	<_newline_>    724.06   8.085     73<_newline_>    723.25   8.076    229<_newline_>    722.44   8.067    232<_newline_>    721.63   8.058     84<_newline_>    337.19   3.765    992<_newline_>    336.38   3.756   1000<_newline_>    334.75   3.738     31<_newline_>
2033	ethylenediamine	C2H8N2 (H2O)	60.1	107-15-3	[(44.87, 1000.0, '1')]	[('A', 2.645)]	[(1057.13, 2.646, 1000.0)]	44.87  1000      1<_newline_>	A             2.645<_newline_>     <_newline_>     THE SOLVENT SIGNAL REMOVED.<_newline_>	<_newline_>   1057.13   2.646   1000<_newline_>
2217	ethylenediamine sulfate	C2H8N2 H2O4S	60.1	22029-36-3	[(37.48, 1000.0, '1')]	[('B', 3.41)]	[(305.5, 3.412, 1000.0), (301.69, 3.369, 27.0)]	37.48  1000      1<_newline_>	B             3.410<_newline_>     <_newline_>     THE SOLVENT SIGNAL REMOVED.<_newline_>	<_newline_>    305.50   3.412   1000<_newline_>    301.69   3.369     27<_newline_>
2233	ethylenediamine dihydrochloride	C2H8N2 2HCl	60.1	333-18-6	[(37.41, 1000.0, '1')]	[('D(A)', 3.322)]	[(996.6, 3.322, 1000.0)]	37.41  1000      1<_newline_>	D(A)         3.322<_newline_>	<_newline_>    996.60   3.322   1000<_newline_>
5247	ethylene sulfide	C2H4S	60.1	420-12-2	[(17.86, 1000.0, '1')]	[('A', 2.365)]	[(945.43, 2.366, 1000.0)]	17.86  1000      1<_newline_>	A             2.365<_newline_>	<_newline_>    945.43   2.366   1000<_newline_>
1212	1-propanol	C3H8O	60.1	71-23-8	[(64.25, 1000.0, '3'), (25.89, 955.0, '2'), (10.28, 820.0, '1')]	[('A', 3.582), ('B', 2.26), ('C', 1.57), ('D', 0.94)]	[(327.56, 3.658, 431.0), (321.06, 3.585, 906.0), (314.38, 3.511, 501.0), (199.25, 2.225, 322.0), (159.31, 1.779, 30.0), (153.69, 1.717, 49.0), (152.13, 1.699, 143.0), (147.38, 1.646, 59.0), (145.81, 1.629, 216.0), (144.94, 1.619, 209.0), (144.38, 1.613, 127.0), (141.06, 1.576, 31.0), (139.19, 1.555, 151.0), (138.25, 1.544, 300.0), (137.13, 1.532, 82.0), (133.44, 1.49, 39.0), (132.56, 1.481, 47.0), (131.38, 1.467, 204.0), (130.75, 1.46, 103.0), (125.19, 1.398, 60.0), (124.13, 1.386, 53.0), (91.06, 1.017, 259.0), (90.31, 1.009, 508.0), (89.63, 1.001, 341.0), (83.44, 0.932, 1000.0), (82.69, 0.924, 516.0), (76.56, 0.855, 152.0), (75.69, 0.846, 289.0), (74.56, 0.833, 182.0)]	64.25  1000      3<_newline_>       25.89   955      2<_newline_>       10.28   820      1<_newline_>	A             3.582<_newline_>      B             2.26<_newline_>      C             1.57<_newline_>      D             0.94<_newline_>     <_newline_>     J(A,C)=6.6HZ.<_newline_>	<_newline_>    327.56   3.658    431<_newline_>    321.06   3.585    906<_newline_>    314.38   3.511    501<_newline_>    199.25   2.225    322<_newline_>    159.31   1.779     30<_newline_>    153.69   1.717     49<_newline_>    152.13   1.699    143<_newline_>    147.38   1.646     59<_newline_>    145.81   1.629    216<_newline_>    144.94   1.619    209<_newline_>    144.38   1.613    127<_newline_>    141.06   1.576     31<_newline_>    139.19   1.555    151<_newline_>    138.25   1.544    300<_newline_>    137.13   1.532     82<_newline_>    133.44   1.490     39<_newline_>    132.56   1.481     47<_newline_>    131.38   1.467    204<_newline_>    130.75   1.460    103<_newline_>    125.19   1.398     60<_newline_>    124.13   1.386     53<_newline_>     91.06   1.017    259<_newline_>     90.31   1.009    508<_newline_>     89.63   1.001    341<_newline_>     83.44   0.932   1000<_newline_>     82.69   0.924    516<_newline_>     76.56   0.855    152<_newline_>     75.69   0.846    289<_newline_>     74.56   0.833    182<_newline_>
2149	2-propanol	C3H8O	60.1	67-63-0	[(64.04, 732.0, '1'), (25.29, 1000.0, '2')]	[('A', 4.008), ('B', 2.16), ('C', 1.2)]	[(371.56, 4.149, 24.0), (365.38, 4.08, 56.0), (359.25, 4.012, 72.0), (353.13, 3.943, 60.0), (347.06, 3.876, 28.0), (193.0, 2.155, 335.0), (110.44, 1.234, 1000.0), (108.19, 1.209, 27.0), (104.31, 1.165, 939.0), (102.06, 1.14, 25.0)]	64.04   732      1<_newline_>       25.29  1000      2<_newline_>	A             4.008<_newline_>      B             2.16<_newline_>      C             1.200<_newline_>	<_newline_>    371.56   4.149     24<_newline_>    365.38   4.080     56<_newline_>    359.25   4.012     72<_newline_>    353.13   3.943     60<_newline_>    347.06   3.876     28<_newline_>    193.00   2.155    335<_newline_>    110.44   1.234   1000<_newline_>    108.19   1.209     27<_newline_>    104.31   1.165    939<_newline_>    102.06   1.140     25<_newline_>
2792	nitromethane	CH3NO2	61.0	75-52-5	[(62.59, 1000.0, '1')]	[('A', 4.341)]	[(1734.99, 4.342, 1000.0)]	62.59  1000      1<_newline_>	A             4.341<_newline_>	<_newline_>   1734.99   4.342   1000<_newline_>
1298	2-aminoethanol	C2H7NO	61.1	141-43-5	[(63.18, 1000.0, '2'), (43.96, 883.0, '1')]	[('A', 3.577), ('B', 2.78), ('C', 2.76)]	[(332.56, 3.714, 30.0), (325.94, 3.64, 413.0), (320.81, 3.583, 723.0), (315.5, 3.523, 560.0), (309.31, 3.454, 64.0), (308.88, 3.449, 61.0), (305.56, 3.412, 30.0), (266.13, 2.972, 33.0), (264.88, 2.958, 38.0), (254.81, 2.846, 528.0), (249.44, 2.786, 930.0), (244.69, 2.733, 1000.0), (225.81, 2.522, 62.0), (225.19, 2.515, 60.0), (224.81, 2.511, 58.0), (223.0, 2.49, 52.0), (222.63, 2.486, 51.0), (222.44, 2.484, 51.0), (221.88, 2.478, 49.0), (221.06, 2.469, 48.0), (220.31, 2.46, 49.0), (220.0, 2.457, 47.0), (219.31, 2.449, 45.0), (218.56, 2.441, 44.0), (217.94, 2.434, 42.0), (216.88, 2.422, 40.0), (216.38, 2.417, 39.0), (215.19, 2.403, 36.0), (214.88, 2.4, 35.0), (213.19, 2.381, 30.0)]	63.18  1000      2<_newline_>       43.96   883      1<_newline_>	A             3.577<_newline_>      B             2.78<_newline_>      C             2.76<_newline_>	<_newline_>    332.56   3.714     30<_newline_>    325.94   3.640    413<_newline_>    320.81   3.583    723<_newline_>    315.50   3.523    560<_newline_>    309.31   3.454     64<_newline_>    308.88   3.449     61<_newline_>    305.56   3.412     30<_newline_>    266.13   2.972     33<_newline_>    264.88   2.958     38<_newline_>    254.81   2.846    528<_newline_>    249.44   2.786    930<_newline_>    244.69   2.733   1000<_newline_>    225.81   2.522     62<_newline_>    225.19   2.515     60<_newline_>    224.81   2.511     58<_newline_>    223.00   2.490     52<_newline_>    222.63   2.486     51<_newline_>    222.44   2.484     51<_newline_>    221.88   2.478     49<_newline_>    221.06   2.469     48<_newline_>    220.31   2.460     49<_newline_>    220.00   2.457     47<_newline_>    219.31   2.449     45<_newline_>    218.56   2.441     44<_newline_>    217.94   2.434     42<_newline_>    216.88   2.422     40<_newline_>    216.38   2.417     39<_newline_>    215.19   2.403     36<_newline_>    214.88   2.400     35<_newline_>    213.19   2.381     30<_newline_>
3827	2-aminoethanol hydrochloride	C2H7NO HCl	61.1	2002-24-6	[(58.45, 1000.0, '1'), (42.17, 677.0, '2')]	[('A', 3.832), ('B', 3.16)]	[(348.56, 3.892, 527.0), (343.56, 3.837, 792.0), (342.19, 3.821, 460.0), (338.06, 3.775, 751.0), (287.75, 3.213, 1000.0), (284.88, 3.181, 405.0), (283.94, 3.171, 549.0), (282.25, 3.152, 967.0), (277.25, 3.096, 683.0)]	58.45  1000      1<_newline_>       42.17   677      2<_newline_>	A             3.832<_newline_>      B             3.160<_newline_>     <_newline_>     SOLVENT PEAK REMOVED<_newline_>	<_newline_>    348.56   3.892    527<_newline_>    343.56   3.837    792<_newline_>    342.19   3.821    460<_newline_>    338.06   3.775    751<_newline_>    287.75   3.213   1000<_newline_>    284.88   3.181    405<_newline_>    283.94   3.171    549<_newline_>    282.25   3.152    967<_newline_>    277.25   3.096    683<_newline_>
2185	1,2-ethanediol	C2H6O2	62.1	107-21-1	[(63.71, 1000.0, '1')]	[('A', 3.716), ('B', 3.17)]	[(1495.48, 3.741, 19.0), (1493.77, 3.736, 21.0), (1492.55, 3.733, 41.0), (1490.6, 3.729, 75.0), (1488.4, 3.723, 951.0), (1487.18, 3.72, 286.0), (1486.08, 3.717, 456.0), (1485.11, 3.715, 440.0), (1483.89, 3.712, 297.0), (1482.79, 3.709, 1000.0), (1480.47, 3.703, 75.0), (1478.52, 3.698, 54.0), (1477.42, 3.696, 29.0), (1475.71, 3.691, 24.0), (1266.36, 3.168, 132.0)]	63.71  1000     1        <_newline_>	A          3.716<_newline_>     B           3.17<_newline_><_newline_>     Assigned with HMQC and HMBC.	<_newline_>   1495.48   3.741     19<_newline_>   1493.77   3.736     21<_newline_>   1492.55   3.733     41<_newline_>   1490.60   3.729     75<_newline_>   1488.40   3.723    951<_newline_>   1487.18   3.720    286<_newline_>   1486.08   3.717    456<_newline_>   1485.11   3.715    440<_newline_>   1483.89   3.712    297<_newline_>   1482.79   3.709   1000<_newline_>   1480.47   3.703     75<_newline_>   1478.52   3.698     54<_newline_>   1477.42   3.696     29<_newline_>   1475.71   3.691     24<_newline_>   1266.36   3.168    132<_newline_>
5149	ethanethiol	C2H6S	62.1	75-08-1	[(19.71, 1000.0, '1'), (19.1, 989.0, '2')]	[('A', 2.552), ('B', 1.389), ('C', 1.325)]	[(244.56, 2.731, 41.0), (243.63, 2.721, 41.0), (236.81, 2.645, 208.0), (236.31, 2.639, 149.0), (229.13, 2.559, 414.0), (222.06, 2.48, 245.0), (221.56, 2.474, 158.0), (215.25, 2.404, 68.0), (214.31, 2.393, 64.0), (131.5, 1.469, 285.0), (126.0, 1.407, 422.0), (124.25, 1.388, 366.0), (123.75, 1.382, 228.0), (119.0, 1.329, 1000.0), (118.5, 1.324, 564.0), (116.63, 1.303, 223.0), (111.88, 1.25, 229.0), (111.44, 1.245, 310.0)]	19.71  1000      1<_newline_>       19.10   989      2<_newline_>	A             2.552<_newline_>      B             1.389<_newline_>      C             1.325<_newline_>	<_newline_>    244.56   2.731     41<_newline_>    243.63   2.721     41<_newline_>    236.81   2.645    208<_newline_>    236.31   2.639    149<_newline_>    229.13   2.559    414<_newline_>    222.06   2.480    245<_newline_>    221.56   2.474    158<_newline_>    215.25   2.404     68<_newline_>    214.31   2.393     64<_newline_>    131.50   1.469    285<_newline_>    126.00   1.407    422<_newline_>    124.25   1.388    366<_newline_>    123.75   1.382    228<_newline_>    119.00   1.329   1000<_newline_>    118.50   1.324    564<_newline_>    116.63   1.303    223<_newline_>    111.88   1.250    229<_newline_>    111.44   1.245    310<_newline_>
